{
	"rows": [
		{
			"id": "",
			"position":
			{
				"x": 945.22179951516273,
				"y": 2081.2101883269065,
				"z": 542.42544759689645
			},
			"tags": [
				"Occluded"
			]
		},
		{
			"id": "",
			"position":
			{
				"x": 829.49798010266909,
				"y": 1557.3524021975761,
				"z": 506.52899158562354
			},
			"tags": [
				"Occluded"
			]
		},
		{
			"id": "",
			"position":
			{
				"x": 868.79038087006779,
				"y": 1028.4516795199204,
				"z": 550.31530575424995
			},
			"tags": [
				"Occluded"
			]
		}
	]
}