{
	"rows": [
		{
			"id": "TestPosition_0",
			"position":
			{
				"x": -280.61037119068146,
				"y": 1148.0113374323305,
				"z": -0.50001300209646615
			},
			"tags": [
				"Exposed"
			]
		},
		{
			"id": "TestPosition_1",
			"position":
			{
				"x": -742.96418954888418,
				"y": 685.63760902689353,
				"z": -0.49994095747638312
			},
			"tags": [
				"Occluded"
			]
		},
		{
			"id": "TestPosition_2",
			"position":
			{
				"x": -1259.4534225379782,
				"y": 187.53095950065074,
				"z": -0.50002416181268927
			},
			"tags": [
				"Hidden"
			]
		},
		{
			"id": "TestPosition_3",
			"position":
			{
				"x": -1326.5753207930338,
				"y": 1689.8345078462728,
				"z": -0.49999847611866244
			},
			"tags": [
				"Occluded",
				"Water"
			]
		}
	]
}