{
	"rows": [
		{
			"id": "Default_0",
			"position":
			{
				"x": 1343.0822389824386,
				"y": 1207.9711542663354,
				"z": 0.062421052398804022
			},
			"tags": [
				"Water",
				"Deep"
			]
		},
		{
			"id": "Default_1",
			"position":
			{
				"x": 1659.3653998852831,
				"y": 2340.3185883865817,
				"z": 0.062262467754408135
			},
			"tags": [
				"Forest"
			]
		},
		{
			"id": "Default_2",
			"position":
			{
				"x": 2569.3325984118619,
				"y": 212.49898114162579,
				"z": 0.062697502255559812
			},
			"tags": [
				"Water",
				"Shallow"
			]
		}
	]
}